Row,windAziNoFiltBias,windAziNoFiltStd,windAziFiltBias,windAziFiltStd,windVertNoFiltBias,windVertNoFiltStd,windVertFiltBias,windVertFiltStd,refErrBias,refErrStd,refErrBiasVert,refErrStdVert
directdynamicmodel_linNoVert,0.461498868241939,1.08043678101717,0.459567713159701,0.840282005087625,0.0413412033959487,0.503222445602659,0.0419220596980562,0.438586121437739,0.28577490053651,1.21286160184378,0.130281145157683,0.66265251734776
directdynamicmodel_linVert,0.293360888418955,1.0723664243018,0.29119897925985,0.822672316089192,1.52604753916433,0.821909580190415,1.52735700702799,0.67986597905745,0.28577490053651,1.21286160184378,0.130281145157683,0.66265251734776
directdynamicmodel_quadNoVert,1.89560541402926,1.78384699364453,1.89218052967408,1.24937330850263,0.0413485776647185,0.503223696728313,0.0419294296252407,0.438587798143483,0.28577490053651,1.21286160184378,0.130281145157683,0.66265251734776
directdynamicmodel_quadVert,1.41916752012627,1.75472624812142,1.41516507551205,1.16534432828368,2.24853988319558,0.978105028149707,2.2501538979788,0.786069739318874,0.28577490053651,1.21286160184378,0.130281145157683,0.66265251734776
garreausimple,0.14942102519495,0.934186702226656,0.151071297879458,0.701642139808442,0.0413415343323639,0.503222521724446,0.0419223902102282,0.438586221407283,0.28577490053651,1.21286160184378,0.130281145157683,0.66265251734776
