Row,windAziNoFiltBias,windAziNoFiltStd,windAziFiltBias,windAziFiltStd,windVertNoFiltBias,windVertNoFiltStd,windVertFiltBias,windVertFiltStd,refErrBias,refErrStd,refErrBiasVert,refErrStdVert
directdynamicmodel_linNoVert,0.444146979951318,0.949673512198764,0.383198346048134,0.5906644313806,0.0493644062590708,0.332625694395253,0.0266575248552081,0.256354259263543,1.01251567517297,0.852271361640246,0.0162485322896282,0.460191693724834
directdynamicmodel_linVert,0.629427826987684,0.834528160487566,0.561551678474135,0.509726117081093,0.306492667297514,0.663272487288684,0.378925787608438,0.299327076366238,1.01251567517297,0.852271361640246,0.0162485322896282,0.460191693724834
directdynamicmodel_quadNoVert,1.27615808174732,2.03612305206021,1.30824489421312,1.08227991130554,0.0493612733731701,0.33262456609688,0.0266551863181327,0.256355146494698,1.01251567517297,0.852271361640246,0.0162485322896282,0.460191693724834
directdynamicmodel_quadVert,0.346390259725861,1.78541437495201,0.461089460011971,0.865595271446268,0.770429720080587,0.999037837504595,0.427326041419352,0.507183314064933,1.01251567517297,0.852271361640246,0.0162485322896282,0.460191693724834
garreausimple,0.732525086104823,0.931839281557818,0.627798132477122,0.566249211675664,0.0493642857142857,0.332625632183296,0.0266574558505295,0.256354249482931,1.01251567517297,0.852271361640246,0.0162485322896282,0.460191693724834
