Row,windAziNoFiltBias,windAziNoFiltStd,windAziFiltBias,windAziFiltStd,windVertNoFiltBias,windVertNoFiltStd,windVertFiltBias,windVertFiltStd,refErrBias,refErrStd,refErrBiasVert,refErrStdVert
directdynamicmodel_linNoVert,0.461498868241939,1.08043678101717,0.4595677131597,0.840282005087625,0.041341203395949,0.503222445602659,0.0419220596980565,0.438586121437738,0.28577490053651,1.21286160184379,0.130281145157683,0.66265251734776
directdynamicmodel_linVert,0.293360888418955,1.0723664243018,0.291198979259849,0.822672316089192,1.52604753916433,0.821909580190415,1.52735700702799,0.67986597905745,0.28577490053651,1.21286160184379,0.130281145157683,0.66265251734776
directdynamicmodel_quadNoVert,1.89560541402926,1.78384699364453,1.89218052967408,1.24937330850263,0.0413485776647187,0.503223696728312,0.041929429625241,0.438587798143483,0.28577490053651,1.21286160184379,0.130281145157683,0.66265251734776
directdynamicmodel_quadVert,1.41916752012627,1.75472624812142,1.41516507551205,1.16534432828368,2.24853988319558,0.978105028149707,2.2501538979788,0.786069739318873,0.28577490053651,1.21286160184379,0.130281145157683,0.66265251734776
garreausimple,0.14942102519495,0.934186702226655,0.151071297879459,0.701642139808442,0.0413415343323642,0.503222521724446,0.0419223902102285,0.438586221407283,0.28577490053651,1.21286160184379,0.130281145157683,0.66265251734776
