Row,windAziNoFiltBias,windAziNoFiltStd,windAziFiltBias,windAziFiltStd,windVertNoFiltBias,windVertNoFiltStd,windVertFiltBias,windVertFiltStd,refErrBias,refErrStd,refErrBiasVert,refErrStdVert
directdynamicmodel_linNoVert,0.925669829113206,1.83865539517752,0.903597455826682,1.31716852040901,0.463173840175782,0.538177142412146,0.462282524957678,0.462697948657017,0.735787114581561,1.30814463363003,0.0830694864048343,0.545097526447174
directdynamicmodel_linVert,0.687526416532853,1.68016468643626,0.676669757020145,1.08795270946487,1.41823261494471,1.55634196866899,1.40439964518202,0.92638329134022,0.735787114581561,1.30814463363003,0.0830694864048343,0.545097526447174
directdynamicmodel_quadNoVert,1.51387073285298,2.47706706701066,1.49646849435834,1.64499022437131,0.464585547172728,0.538594532096121,0.463699040653682,0.462874445884298,0.735787114581561,1.30814463363003,0.0830694864048343,0.545097526447174
directdynamicmodel_quadVert,1.13897916741067,2.31459503802618,1.14266648016395,1.44378675402181,1.89645416790063,1.42206168894726,1.87165334213052,0.805709073387646,0.735787114581561,1.30814463363003,0.0830694864048343,0.545097526447174
garreausimple,0.398977736116942,7.95179289255784,0.388631867464974,4.34461367187753,0.463127895266868,0.537604603014575,0.462236311270399,0.462081399967643,0.735787114581561,1.30814463363003,0.0830694864048343,0.545097526447174
