Row,windAziNoFiltBias,windAziNoFiltStd,windAziFiltBias,windAziFiltStd,windVertNoFiltBias,windVertNoFiltStd,windVertFiltBias,windVertFiltStd,refErrBias,refErrStd,refErrBiasVert,refErrStdVert
directdynamicmodel_linNoVert,0.444146979951299,0.949673512198747,0.383198346048113,0.590664431380608,0.0493644062590417,0.332625694395279,0.0266575248551802,0.256354259263569,1.01251567517295,0.852271361640262,0.0162485322896043,0.460191693724809
directdynamicmodel_linVert,0.629427826987681,0.834528160487545,0.561551678474131,0.509726117081102,0.306492667297543,0.663272487288669,0.378925787608466,0.299327076366224,1.01251567517295,0.852271361640262,0.0162485322896043,0.460191693724809
directdynamicmodel_quadNoVert,1.27615808174729,2.03612305206018,1.30824489421309,1.08227991130556,0.049361273373141,0.332624566096906,0.0266551863181048,0.256355146494724,1.01251567517295,0.852271361640262,0.0162485322896043,0.460191693724809
directdynamicmodel_quadVert,0.346390259725823,1.78541437495197,0.461089460011934,0.865595271446287,0.770429720080558,0.999037837504584,0.427326041419324,0.507183314064919,1.01251567517295,0.852271361640262,0.0162485322896043,0.460191693724809
garreausimple,0.732525086104819,0.931839281557816,0.627798132477118,0.566249211675664,0.0493642857142566,0.332625632183322,0.0266574558505016,0.256354249482957,1.01251567517295,0.852271361640262,0.0162485322896043,0.460191693724809
