Row,windAziNoFiltBias,windAziNoFiltStd,windAziFiltBias,windAziFiltStd,windVertNoFiltBias,windVertNoFiltStd,windVertFiltBias,windVertFiltStd
Sensor @ 21.3 [m],0.213076247379145,0.608909502829211,0.212886438178563,0.429061398707301,0.0384068518518518,0.373406536756206,0.0386282008965015,0.254445556749428
Sensor @ 18.0 [m],0.190228742590601,0.489608296940105,0.187092064678425,0.269932444214567,0.00494740740740741,0.297385556025859,0.00359194785344776,0.145808779237286
Sensor @ 14.7 [m],0.125686582989219,0.615415121525019,0.128207677041836,0.44018408397042,0.0433542592592592,0.393511593337378,0.0422201487499492,0.265087728564761
